{"cameraMode":{"drawMode":0,"name":"Shaded","section":"Shading Mode"},"sceneLighting":true,"audioPlay":false,"sceneViewState":{"showFog":false,"showMaterialUpdate":false,"showSkybox":true,"showFlares":false,"showImageEffects":false,"showParticleSystems":true,"showVisualEffectGraphs":true,"m_FxEnabled":true},"in2DMode":false,"pivot":{"x":327.2037048339844,"y":359.5467529296875,"z":-26.94659423828125},"rotation":{"x":0.0011904308339580894,"y":0.011096393689513207,"z":0.000012682248780038208,"w":-0.9999346733093262},"size":298.929443359375,"orthographic":false}